DELETE FROM `quest_template_locale` WHERE (`ID`=39689 AND `locale`='ruRU') OR (`ID`=40255 AND `locale`='ruRU') OR (`ID`=43248 AND `locale`='ruRU') OR (`ID`=40373 AND `locale`='ruRU') OR (`ID`=39686 AND `locale`='ruRU') OR (`ID`=38253 AND `locale`='ruRU') OR (`ID`=40254 AND `locale`='ruRU') OR (`ID`=39684 AND `locale`='ruRU') OR (`ID`=39685 AND `locale`='ruRU') OR (`ID`=39682 AND `locale`='ruRU') OR (`ID`=40253 AND `locale`='ruRU') OR (`ID`=41257 AND `locale`='ruRU') OR (`ID`=38689 AND `locale`='ruRU') OR (`ID`=38690 AND `locale`='ruRU') OR (`ID`=7814 AND `locale`='ruRU') OR (`ID`=39742 AND `locale`='ruRU') OR (`ID`=38729 AND `locale`='ruRU') OR (`ID`=38728 AND `locale`='ruRU') OR (`ID`=39663 AND `locale`='ruRU') OR (`ID`=39515 AND `locale`='ruRU') OR (`ID`=40051 AND `locale`='ruRU') OR (`ID`=40222 AND `locale`='ruRU') OR (`ID`=38819 AND `locale`='ruRU') OR (`ID`=38725 AND `locale`='ruRU') OR (`ID`=38727 AND `locale`='ruRU') OR (`ID`=43618 AND `locale`='ruRU') OR (`ID`=39495 AND `locale`='ruRU') OR (`ID`=39262 AND `locale`='ruRU') OR (`ID`=38813 AND `locale`='ruRU') OR (`ID`=38766 AND `locale`='ruRU') OR (`ID`=38765 AND `locale`='ruRU') OR (`ID`=39050 AND `locale`='ruRU') OR (`ID`=38672 AND `locale`='ruRU') OR (`ID`=44137 AND `locale`='ruRU') OR (`ID`=34398 AND `locale`='ruRU') OR (`ID`=33359 AND `locale`='ruRU') OR (`ID`=34582 AND `locale`='ruRU') OR (`ID`=40379 AND `locale`='ruRU') OR (`ID`=39049 AND `locale`='ruRU') OR (`ID`=38759 AND `locale`='ruRU') OR (`ID`=42275 AND `locale`='ruRU') OR (`ID`=40378 AND `locale`='ruRU') OR (`ID`=39279 AND `locale`='ruRU') OR (`ID`=43610 AND `locale`='ruRU') OR (`ID`=41896 AND `locale`='ruRU') OR (`ID`=40077 AND `locale`='ruRU');
INSERT INTO `quest_template_locale` (`ID`, `locale`, `LogTitle`, `LogDescription`, `QuestDescription`, `AreaDescription`, `PortraitGiverText`, `PortraitGiverName`, `PortraitTurnInText`, `PortraitTurnInName`, `QuestCompletionLog`, `VerifiedBuild`) VALUES
(39689, 'ruRU', 'Иллидари, пора в путь', 'Поговорите с верховным магом Кадгаром.', 'Легион начал наступление на наш мир. Храбрые защитники со всех его краев, от Калимдора до Восточных королевств, откликнулись на призыв к оружию.\n\nНо все они потерпят сокрушительное поражение, если к ним не присоединитесь вы. Именно вы, иллидари, – самое совершенное оружие против Легиона. \n\nЯ прошу вас следовать за мной. Уже скоро вы получите дальнейшие инструкции.', '', '', '', '', '', '', 23420),
(40255, 'ruRU', 'Между нами и свободой', 'Убейте Бастиллакса и заберите его силу.', 'Последние из выживших пробились в последний зал наверху.\n\nТеперь между нами и выходом из Казематов только одно препятствие – предводитель демонов Бастиллакс.\n\nУбей его, забери себе его силу и открой нам путь к свободе.', '', 'Этот демон охраняет выход из Казематов.', 'Бастиллакс', '', '', '', 23420),
(43248, 'ruRU', 'Штурм Сторожевой башни: Шпиль последователей Тьмы', '', '', '', '', '', '', '', '', 23420),
(40373, 'ruRU', 'Новое начало', 'Сделайте выбор между Кайном и Алтруисом.', '$n, как предводитель иллидари в отсутствие владыки Иллидана, ты $gдолжен:должна; сделать выбор: кто станет твоей правой рукой?\n\nКайн или Алтруис? Выбери одного из них.\n\nИзбранный тобой иллидари станет твоим личным защитником, и его взгляды повлияют на то, какой путь мы изберем в дальнейшем. Но кого бы ты ни $gвыбрал:выбрала;, наша главная цель останется неизменной.\n\nЕсли тебе нужно напоминание о прошлом, загляни в Источник Правосудия. Вспомни о жертвах, принесенных нами, чтобы стать охотниками на демонов. Скажи мне, когда будешь $gготов:готова; сделать выбор.', '', '', '', '', '', '', 23420),
(39686, 'ruRU', 'Путь наверх', 'Поднимитесь в Зал Правосудия.', 'Кор''вас отправилась вперед, чтобы догнать Кайна и Альтруиса.\n\nДождись, когда подъемник опустится, и поднимись в Зал Правосудия. Они ждут тебя.', '', '', '', '', '', '', 23420),
(38253, 'ruRU', 'Гарнизонная кампания: Военный совет', 'Поговорите с королем Варианом Ринном в ратуше вашего гарнизона.', 'Твой гарнизон гудит, как пчелиный улей. Сам король Вариан Ринн удостоил твою крепость своим визитом, чтобы подробно обсудить план вторжения в Танаанские джунгли.$b$bКороль со всей своей свитой в ратуше. Думаю, не стоит заставлять его ждать...', '', 'Король Ринн ожидает вас.', '', '', '', 'Поговорите с королем Варианом Ринном в ратуше вашего гарнизона.', 23420),
(40254, 'ruRU', 'Выковано в огне', 'Убейте Иммоланта и заберите его силу.', 'Грозный демон Иммолант возглавлял армию Легиона, которая покорила и поработила один далекий мир Нексуса.\n\nКаким-то образом Стражам удалось пленить его и заключить в камере, которая находится слева от нас. Не думаю, что стены камеры удержат его надолго.\n\nСила демона - ценный приз для любого охотника на демонов. Тот, кто победит Иммоланта, овладеет невероятным могуществом.\n\nХочешь попытаться, $n?\n', '', 'Иммолант полон чистейшей концентрированной энергии Скверны.', 'Иммолант', '', '', '', 23420),
(39684, 'ruRU', 'В лучах славы', 'Уничтожьте щит Смотрящего.', 'В восточной части блока расположена хитроумно сработанная тюремная камера. В ней держат созерцателя, известного как Смотрящий.$B$BК сожалению, ее механизм вышел из строя. $B$BТебе надо будет вручную повернуть зеркала в камере, чтобы направить луч энергии на это существо. Иначе мы не сможем пробить щит Смотрящего.\n\nТоропись. Алтруис отправился вперед, чтобы помочь остальным, но без тебя мы проиграем эту битву.', '', '', '', '', '', '', 23420),
(39685, 'ruRU', 'Застывший во времени', 'Активируйте системы безопасности в Каземате Льда.', 'Стражи держали здесь самых разных опасных монстров. Теперь же, когда войска Гул''дана прорвались в эти стены, присутствие этих монстров стало особенно... неудобным.\n\nНемалая часть наших сил сейчас брошена на то, чтобы удержать в южной камере жуткое существо – магмового разрушителя. Мы только вышли из стазиса и пока не в силах с ним справиться. Но можно попробовать снова включить системы безопасности камеры.\n\nКайн тоже отправился туда, но ему нужна твоя помощь. Вы должны любой ценой запечатать эту камеру!', '', '', '', '', '', '', 23420),
(39682, 'ruRU', 'Великий угонщик сквернотопырей', 'Оседлайте сквернотопыря и летите на верхний уровень Казематов.', '$gСлышал:Слышала;, что сказала Майев? Надо выбираться отсюда.\n\nВ дальнем конце пещер есть шахта подъемника. Туда мы и направимся.', '', '', '', '', '', '', 23420),
(40253, 'ruRU', 'Остановить Гул''дана!', 'Войдите в Каземат Предателя, убейте Крушителя и Молотителя и заберите их силу Скверны.', 'Победив Иллидана в Черном храме, мы забрали его безжизненное тело сюда, чтобы навечно похоронить в Казематах Стражей.\n\nОднако Гул''дану удалось проникнуть в Казематы. Он пытается похитить тело Предателя.\n\nДаже после смерти тело Иллидана может быть использовано в интересах Пылающего Легиона. Необходимо помешать Гул''дану!', '', 'Остановите его, если сможете.', 'Гул''дан', '', '', '', 23420),
(41257, 'ruRU', 'Штурм Сторожевой башни: вершина Корданы', '', '', '', '', '', '', '', '', 23420),
(38689, 'ruRU', 'Вливание Скверны', 'Поглотите 100 ед. энергии убитых демонов.', 'После стольких лет заключения мы очень слабы.\n\nКазематы кишат демонами. Убей их и собери их души, чтобы восполнить силы.', '', '', '', '', '', '', 23420),
(38690, 'ruRU', 'Возвращение иллидари', 'Освободите 8 заключенных иллидари.', 'Наши силы слишком неравны.\n\nНам понадобится больше союзников, если мы хотим выбраться отсюда целыми и невредимыми. Освободи иллидари, заточенных в камерах этого блока.\n\nВсе они помогут нам покинуть это место живыми.', '', '', '', '', '', '', 23420),
(7814, 'ruRU', 'Пожертвование – шелк', '', '', '', '', '', '', '', '', 23420),
(39742, 'ruRU', 'Казематы Стражей', '', '', '', '', '', '', '', '', 23420),
(38729, 'ruRU', 'Возвращение в Черный храм', 'Воспользуйтесь саргеритовым ключом, чтобы активировать портал Скверны и вернуться в Черный храм.', 'Скорее, $n, воспользуйся саргеритовым ключом.\n\nМы должны вернуться в Черный храм, пока еще не поздно!', '', '', '', '', '', '', 23420),
(38728, 'ruRU', 'Ключ', 'Убейте королеву стаи Тиранну и завладейте саргеритовым ключом. Затем присоединитесь к остальным в зале портала.', '$n, королева стаи Тиранна впереди, в главном зале. Саргеритовый ключ – у нее. Остальные уже вступили в бой.\n\nНаконец-то нам достанется то, ради чего мы принесли столько жертв.', '', 'Вырвите саргеритовый ключ из ее мертвых рук!', 'Королева стаи Тиранна', '', '', '', 23420),
(39663, 'ruRU', 'На крыльях сквернотопыря', 'Оседлайте сквернотопыря иллидари Белой Луны и отправляйтесь на "Молот Скверны".', 'Час настал! Мы нанесли войскам Легиона сокрушительный удар, от которого они не смогут оправиться.\n\nБыстрее поднимаемся на флагманский корабль! Нас ждет бой с Тиранной.', '', '', '', '', '', '', 23420),
(39515, 'ruRU', 'Я свершу месть!', 'Обучите своих соратников – охотников на демонов – специализации "Месть".', 'Вот поэтому демоны Легиона нас и боятся. Мы умеем обращать их тайны против них самих и при этом становимся сильнее.\n\nБыстрее, $n, научи нас тому, что тебе удалось узнать.', '', '', '', '', '', '', 23420),
(40051, 'ruRU', 'Тайны Скверны', 'Прочтите фолиант тайн Скверны и выберите одну из специализаций: "Истребление" или "Месть".', 'Демоны допустили огромную ошибку, записав свои секреты в эту книгу. Она излучает могущественную энергию Скверны.\n\nОднако энергии фолианта хватит лишь на один ритуал. После этого книга исчезнет.\n\nВыбери, каким тайным способностям тебе бы хотелось научиться для войны с Пылающим Легионом.', '', '', '', '', '', '', 23420),
(40222, 'ruRU', 'Фолиант матери бесов', 'Достаньте фолиант тайн Скверны.', 'Видишь эту огромную пещеру? В ней укрылась чрезвычайно могущественная мать бесов.\n\nНо это еще не все. У нее есть кое-что, что нам нужно.\n\nПо-видимому, эта мать бесов является хранительницей тайных знаний Скверны. Она исполняет нечестивые ритуалы Легиона и записывает их в свою книгу.\n\nНам нужно заполучить этот фолиант и выведать его секреты!', '', 'Украдите у нее фолиант тайн Скверны, чтобы сделать себя и других иллидари еще сильнее.', 'Плодовия', '', '', '', 23420),
(38819, 'ruRU', 'Число им — легион', 'Нападите на придворных королевы стаи и силы Пылающего Легиона в районе Адского пика.', 'Конечно, разобраться с уничтожителями – наша главная задача, но впереди еще много много трудностей.\n\nПротивник превосходит нас числом, но мы надеемся на твою помощь. Придворные королевы стаи командуют силами Легиона на вулкане. Их следует уничтожить. Мы должны сокрушить войска Легиона и вырвать победу любой ценой.', '', '', '', '', '', '', 23420),
(38725, 'ruRU', 'Нечистый приют', 'Встретьтесь с Кор''вас Кровавый Шип в Нечистом приюте.', 'Один из демонов, которого я допрашивала, поделился интересной информацией. По всей видимости, какая-то мать бесов в вулкане переписывает тайны Легиона.\n\nКор''вас отправилась туда, чтобы разыскать демона и доставить нам секретные данные.', '', '', '', '', '', '', 23420),
(38727, 'ruRU', 'Остановить бомбардировку', 'Разрушьте уничтожители Легиона.', 'Защитные приспособления Джейса долго не продержатся. Кто-то должен отправиться на поле битвы и разрушить все уничтожители Легиона.\n\n<Кайн многозначительно смотрит на вас призрачным зрением.>', '', '', '', '', '', '', 23420),
(43618, 'ruRU', 'РАЗЫСКИВАЕТСЯ: Гурбог Крушака', '', '', '', '', '', '', '', '', 23420),
(39495, 'ruRU', 'Тайное становится явным', 'Убейте повелителя Скверны Кхазу и заберите у него силу Скверны.', 'Теперь, когда ты $gобнаружил:обнаружила; демонов, я тоже их чувствую. Среди них где-то в глубине пещеры находится могущественный повелитель Скверны. Пока есть возможность, попробуй заполучить его силу.\n\nЕсли ты займешься повелителем, мы сможем взять на себя остальных демонов в пещере.', '', 'Заберите его силу и обезопасьте свои войска на Опорном пункте иллидари от нападения с тыла.', 'Повелитель Скверны Кхаза', '', '', '', 23420),
(39262, 'ruRU', 'Лишняя пара глаз', 'Поговорите с Джейсом Темным Ткачом и используйте способность "Призрачное зрение", чтобы обнаружить скрывающихся в пещере демонов.', 'Джейс Темный Ткач уверяет, что на какое-то мгновение почувствовал присутствие демонов где-то над нами. Он захватил с собой отряд бойцов, чтобы проверить пещеру к юго-востоку отсюда.\n\nОни ничего в ней не нашли, но Джейсу кажется, что там все-таки что-то не так.\n\nМожет, ты ему поможешь? А еще лучше просвети там все своим призрачным зрением.', '', '', '', '', '', '', 23420),
(38813, 'ruRU', 'Приказы командирам', 'Сообщите командирам отрядов иллидари план нападения на войска Пылающего Легиона в жерле вулкана.', 'Теперь осталось только отдать приказы командирам отрядов иллидари. Основные силы Легиона расположились в жерле вулкана. Они готовятся перейти в наступление.\n\nНам нужно первыми нанести удар в самое сердце врага.\n\nКогда мы уничтожим основные силы, можно будет подняться на флагманский корабль, чтобы разобраться с королевой стаи Тиранной и забрать у нее саргеритовый ключ. Владыка Иллидан будет нами доволен.', '', '', '', '', '', '', 23420),
(38766, 'ruRU', 'Пока нас не вытеснили', 'Убейте командира стражей ужаса Белиаша и заберите его демоническую силу.', 'Нам нужно разобраться с командиром стражей ужаса и его королевой. Подчиненные ему эредары призывают все новые и новые войска.\n\nМы должны уничтожить его до того, как силы Легиона вытеснят нас с вулкана!\n\nКроме того, ты сможешь забрать себе его силу.', '', 'Это военачальник сил Легиона, занимающих позиции вблизи вулкана. Вам нужно получить его демоническую силу.', 'Командир стражей ужаса Белиаш', '', '', '', 23420),
(38765, 'ruRU', 'Сбор иллидари: шиварры', 'Принесите в жертву могущественную душу, чтобы привести в действие активатор врат Легиона и призвать отряд шиваррских демонесс.', 'Шиваррские демонессы ожидают в Черном храме. Призывать их сюда – большой риск... ведь, в конце концов, раньше они служили Пылающему Легиону. Но они одни из самых сильных союзников владыки Иллидана.\n\n<Джейс изучает вас долгим взглядом.>\n\nУ меня есть ощущение, что для того, чтобы призвать их, понадобится необычная жертва.', '', '', '', '', '', '', 23420),
(39050, 'ruRU', 'Знакомство с королевой', 'Завершите ритуал, чтобы подсмотреть за предводителями сил Легиона.', 'Мы можем использовать часть эссенции, чтобы завершить ритуал. Ты сможешь подсмотреть за предводителями сил Легиона и узнать, что они задумали.\n\nИспользуй горнило Пустоты и заверши ритуал.', '', '', '', '', '', '', 23420),
(38672, 'ruRU', 'Свобода!', 'Освободите Алтруиса Страдальца и Кайна Ярость Солнца.', 'В одиночку нам не выбраться из Казематов.\n\nДвое твоих союзников, Кайн Ярость Солнца и Алтруис Страдалец, заточены в этой камере.\n\nОсвободи их как можно скорее. Их помощь нам очень пригодится.', '', '', '', '', '', '', 23420),
(44137, 'ruRU', 'В гущу боя', 'Поговорите с командиром охотников на демонов на Аванпосте иллидари.', 'Пылающий Легион опередил нас, но и иллидари прибыли раньше. Пока что охотники на демонов вроде бы держатся, но их положение очень шатко.\n\nДумаю, самое время обратить мощь твоего оружия против нашего общего врага. А пока ты будешь крушить прислужников Легиона, я прикину, каким будет наш следующий шаг.', '', '', '', '', '', '', 23420),
(34398, 'ruRU', 'Темный портал', 'Поговорите с верховным магом Кадгаром у подножия Темного портала в Выжженных землях.', '$B|cFF660000 ВНИМАНИЕ, ГЕРОИ,$b ИСКАТЕЛИ ПРИКЛЮЧЕНИЙ,$b ЗАЩИТНИКИ АЗЕРОТА!|r$b$bВерховный маг Кадгар, герой Второй войны, созывает коалицию сильнейших воинов Азерота, готовых пройти через Темный портал и остановить вторжение Железной Орды в Азерот.$b$bЗащитников, жаждущих славы, ждут у основания Темного портала в Выжженных землях.$b$bБезопасность не гарантируется.', '', '', '', '', '', '', 23420),
(33359, 'ruRU', 'Ищи нас на Заставе Падающих Звезд', 'Поговорите с верховным магом Кадгаром на Заставе Падающих Звезд.', 'Верховный маг заподозрил, что в долине есть кто-то из Совета Теней. Он попросил меня сообщить тебе об этом. $B$BРазыщи нас на Заставе Падающих Звезд – и как можно скорее. Врага нужно искоренить, но без твоей помощи, командир, мы не справимся.', '', '', '', '', '', '', 23420),
(34582, 'ruRU', 'Закрепление на Дреноре', 'Следуйте за пророком Веленом.', 'Значит, это ты $gпривел:привела; моих детей домой? Железная Орда становится все сильнее с каждым днем.$b$bЯ предвижу великую битву, но мои видения затуманены. На ткани времени будто образовались складки.$b$bНо одно я могу сказать наверняка: ты сыграешь в грядущих событиях важную роль.', '', '', '', '', '', '', 23420),
(40379, 'ruRU', 'Сбор иллидари: клан Змеиных Колец', 'Принесите в жертву душу, чтобы привести в действие активатор врат Легиона, а затем используйте его, чтобы призвать отряд наг из клана Змеиных Колец.', 'Следующие врата расположены на Раскаленном берегу. Наги из клана Змеиных Колец сейчас находятся в Черном храме и ждут, когда откроется портал.\n\nЛично я не слишком доверяю нагам, но их повелительница поклялась в верности владыке Иллидану, так что посмотрим, что из этого выйдет.\n\nМы должны активировать эти врата. Для них тоже нужны души.\n\n<Аллари Пожирательница Душ хищно улыбается, услышав слова Севиса.>', '', '', '', '', '', '', 23420),
(39049, 'ruRU', 'Всевидящее око', 'Убейте инквизитора Зловеша и заберите его силу.', 'Этот демон бесполезен. Я пыталась разговорить его с помощью Косы Душ, но он сопротивляется. Посмотрим, сколько он продержится.\n\nХотя у меня есть один план...\n\nНеподалеку отсюда расположился еще один демон-инквизитор. Такие демоны используют ужасающие темные ритуалы и видят все с помощью своих летающих глаз. Если бы тебе удалось забрать его силу, Джейс Темный Ткач смог бы пошпионить за Легионом.\n\nВытяни силу из еще теплого трупа демона, и ты сможешь использовать ее в своих целях.', '', 'Заберите его сущность и станьте еще могущественнее.', 'Инквизитор Зловеш', '', '', '', 23420),
(38759, 'ruRU', 'Освободи их', 'Несколько охотников на демонов попали в беду. Раздобудьте кованый ключ душ, чтобы освободить их.', 'Циана отправилась на Раскаленный берег, чтобы помочь охотникам на демонов, которые прошли через врата раньше нас. Но мне кажется, что она попала в беду.\n\nЭтот инквизитор рассказал, что их держат взаперти какие-то необычные демоны, которых называют "тюремщиками". Они высасывают души своих жертв. Не думаю, что наши соратники смогут долго продержаться без помощи.', '', '', '', '', '', '', 23420),
(42275, 'ruRU', 'Я на страже!', '', '', '', '', '', '', '', '', 23420),
(40378, 'ruRU', 'Сбор иллидари: Пеплоусты', 'Призовите отряд Пеплоустов, активировав врата Легиона.', 'Владыка Иллидан назначил тебя командовать операцией. Теперь нам нужно собрать оставшиеся отряды иллидари.\n\nВпереди находятся три пары врат Пылающего Легиона. Активируй их, чтобы призвать войска иллидари, которые ждут сигнала в Черном храме.\n\nКак и для большинства сооружений Легиона, для активации врат нужны души. Думаю, нам уже хватит душ, чтобы открыть первые врата. Давай же призовем отряд Пеплоустов.', '', '', '', '', '', '', 23420),
(39279, 'ruRU', 'Атака на Мардум', '', '', '', '', '', '', '', '', 23420),
(43610, 'ruRU', 'РАЗЫСКИВАЕТСЯ: повелитель инферналов', '', '', '', '', '', '', '', '', 23420),
(41896, 'ruRU', 'Операция "Свободу мурлокам"', '', '', '', '', '', '', '', '', 23420),
(40077, 'ruRU', 'Атака начинается', 'Убейте $1oa |4демона:демонов:демонов; и замените знамя Легиона своим, чтобы занять Хребет отчаяния.', 'Наш передовой отряд охотников на демонов уже прибыл и вступил в бой с Легионом.\n\nПусть демоны узнают о нас! Заставим их нас бояться! Установи наше знамя, $n.', '', '', '', '', '', '', 23420);

DELETE FROM `quest_objectives_locale` WHERE (`ID`=286672 AND `locale`='ruRU') OR (`ID`=280756 AND `locale`='ruRU') OR (`ID`=285111 AND `locale`='ruRU') OR (`ID`=286796 AND `locale`='ruRU') OR (`ID`=285110 AND `locale`='ruRU') OR (`ID`=286795 AND `locale`='ruRU') OR (`ID`=280763 AND `locale`='ruRU') OR (`ID`=286169 AND `locale`='ruRU') OR (`ID`=279976 AND `locale`='ruRU') OR (`ID`=280754 AND `locale`='ruRU') OR (`ID`=279878 AND `locale`='ruRU') OR (`ID`=279933 AND `locale`='ruRU') OR (`ID`=279932 AND `locale`='ruRU') OR (`ID`=279877 AND `locale`='ruRU') OR (`ID`=279874 AND `locale`='ruRU') OR (`ID`=280751 AND `locale`='ruRU') OR (`ID`=280534 AND `locale`='ruRU') OR (`ID`=282132 AND `locale`='ruRU') OR (`ID`=286809 AND `locale`='ruRU') OR (`ID`=282131 AND `locale`='ruRU') OR (`ID`=286808 AND `locale`='ruRU') OR (`ID`=278280 AND `locale`='ruRU') OR (`ID`=280072 AND `locale`='ruRU') OR (`ID`=280071 AND `locale`='ruRU') OR (`ID`=280070 AND `locale`='ruRU') OR (`ID`=280069 AND `locale`='ruRU') OR (`ID`=280068 AND `locale`='ruRU') OR (`ID`=280067 AND `locale`='ruRU') OR (`ID`=280066 AND `locale`='ruRU') OR (`ID`=280065 AND `locale`='ruRU') OR (`ID`=278285 AND `locale`='ruRU') OR (`ID`=280937 AND `locale`='ruRU') OR (`ID`=280823 AND `locale`='ruRU') OR (`ID`=280163 AND `locale`='ruRU') OR (`ID`=280162 AND `locale`='ruRU') OR (`ID`=280161 AND `locale`='ruRU') OR (`ID`=279980 AND `locale`='ruRU') OR (`ID`=281206 AND `locale`='ruRU') OR (`ID`=279956 AND `locale`='ruRU') OR (`ID`=280467 AND `locale`='ruRU') OR (`ID`=280466 AND `locale`='ruRU') OR (`ID`=280465 AND `locale`='ruRU') OR (`ID`=280464 AND `locale`='ruRU') OR (`ID`=280463 AND `locale`='ruRU') OR (`ID`=280435 AND `locale`='ruRU') OR (`ID`=281966 AND `locale`='ruRU') OR (`ID`=281103 AND `locale`='ruRU') OR (`ID`=280502 AND `locale`='ruRU') OR (`ID`=280501 AND `locale`='ruRU') OR (`ID`=280500 AND `locale`='ruRU') OR (`ID`=280006 AND `locale`='ruRU') OR (`ID`=280005 AND `locale`='ruRU') OR (`ID`=279993 AND `locale`='ruRU') OR (`ID`=278683 AND `locale`='ruRU') OR (`ID`=278682 AND `locale`='ruRU') OR (`ID`=278681 AND `locale`='ruRU') OR (`ID`=278680 AND `locale`='ruRU') OR (`ID`=279857 AND `locale`='ruRU') OR (`ID`=278669 AND `locale`='ruRU') OR (`ID`=279864 AND `locale`='ruRU') OR (`ID`=279863 AND `locale`='ruRU') OR (`ID`=279862 AND `locale`='ruRU') OR (`ID`=279861 AND `locale`='ruRU') OR (`ID`=285555 AND `locale`='ruRU') OR (`ID`=279765 AND `locale`='ruRU') OR (`ID`=280354 AND `locale`='ruRU') OR (`ID`=279764 AND `locale`='ruRU') OR (`ID`=279763 AND `locale`='ruRU') OR (`ID`=278955 AND `locale`='ruRU') OR (`ID`=278473 AND `locale`='ruRU') OR (`ID`=278472 AND `locale`='ruRU') OR (`ID`=278458 AND `locale`='ruRU') OR (`ID`=280115 AND `locale`='ruRU') OR (`ID`=278937 AND `locale`='ruRU') OR (`ID`=280772 AND `locale`='ruRU') OR (`ID`=278948 AND `locale`='ruRU') OR (`ID`=286143 AND `locale`='ruRU') OR (`ID`=280526 AND `locale`='ruRU') OR (`ID`=278275 AND `locale`='ruRU') OR (`ID`=278274 AND `locale`='ruRU') OR (`ID`=272640 AND `locale`='ruRU') OR (`ID`=272948 AND `locale`='ruRU') OR (`ID`=280773 AND `locale`='ruRU') OR (`ID`=280771 AND `locale`='ruRU') OR (`ID`=280770 AND `locale`='ruRU') OR (`ID`=279707 AND `locale`='ruRU') OR (`ID`=278413 AND `locale`='ruRU') OR (`ID`=278929 AND `locale`='ruRU') OR (`ID`=280293 AND `locale`='ruRU') OR (`ID`=278928 AND `locale`='ruRU') OR (`ID`=284176 AND `locale`='ruRU') OR (`ID`=284175 AND `locale`='ruRU') OR (`ID`=280769 AND `locale`='ruRU') OR (`ID`=281030 AND `locale`='ruRU') OR (`ID`=281156 AND `locale`='ruRU') OR (`ID`=281158 AND `locale`='ruRU') OR (`ID`=280768 AND `locale`='ruRU') OR (`ID`=279929 AND `locale`='ruRU') OR (`ID`=279741 AND `locale`='ruRU') OR (`ID`=279930 AND `locale`='ruRU') OR (`ID`=279928 AND `locale`='ruRU') OR (`ID`=279937 AND `locale`='ruRU') OR (`ID`=279936 AND `locale`='ruRU') OR (`ID`=279935 AND `locale`='ruRU') OR (`ID`=279757 AND `locale`='ruRU') OR (`ID`=279289 AND `locale`='ruRU') OR (`ID`=279292 AND `locale`='ruRU') OR (`ID`=279288 AND `locale`='ruRU') OR (`ID`=285547 AND `locale`='ruRU') OR (`ID`=283032 AND `locale`='ruRU') OR (`ID`=280292 AND `locale`='ruRU') OR (`ID`=280276 AND `locale`='ruRU');
INSERT INTO `quest_objectives_locale` (`ID`, `locale`, `QuestId`, `StorageIndex`, `Description`, `VerifiedBuild`) VALUES
(286672, 'ruRU', 40255, 0, 'Кадгар прибыл', 23420),
(280756, 'ruRU', 40255, 1, 'Бастиллакс убит, сила взята', 23420),
(285111, 'ruRU', 43248, 1, 'Капитан королевской стражи убит', 23420),
(286796, 'ruRU', 43248, 2, 'Убито игроков Орды', 23420),
(285110, 'ruRU', 43248, 0, 'Солдаты королевской стражи убиты', 23420),
(286795, 'ruRU', 43248, -1, 'Убивайте войска или игроков Орды', 23420),
(280763, 'ruRU', 40373, 0, 'Сделайте выбор между Кайном и Алтруисом', 23420),
(286169, 'ruRU', 40373, 1, 'Загляните в Источник Правосудия', 23420),
(279976, 'ruRU', 39686, 0, 'Поднимитесь в Зал Правосудия', 23420),
(280754, 'ruRU', 40254, 1, 'Иммолант убит, сила взята', 23420),
(279878, 'ruRU', 39684, 0, 'Зеркало повернуто', 23420),
(279933, 'ruRU', 39685, 2, 'Западная система безопасности активирована', 23420),
(279932, 'ruRU', 39685, 1, 'Южная система безопасности активирована', 23420),
(279877, 'ruRU', 39685, 0, 'Восточная система безопасности активирована', 23420),
(279874, 'ruRU', 39682, 0, 'Летите на верхний уровень Казематов', 23420),
(280751, 'ruRU', 40253, 3, 'Крушитель и Молотитель убиты, сила взята', 23420),
(280534, 'ruRU', 40253, 2, 'Найдите Гул''дана', 23420),
(282132, 'ruRU', 41257, 1, 'Капитан королевской стражи убит', 23420),
(286809, 'ruRU', 41257, 2, 'Убито игроков Орды', 23420),
(282131, 'ruRU', 41257, 0, 'Солдаты королевской стражи убиты', 23420),
(286808, 'ruRU', 41257, -1, 'Убивайте войска или игроков Орды', 23420),
(278280, 'ruRU', 38689, 0, 'Энергия Скверны восстановлена', 23420),
(280072, 'ruRU', 38690, 8, 'Кассиель Ночной Шип', 23420),
(280071, 'ruRU', 38690, 7, 'Аша Воронья Песнь', 23420),
(280070, 'ruRU', 38690, 6, 'Келестра Песнь Печали', 23420),
(280069, 'ruRU', 38690, 5, 'Джейс Темный Ткач', 23420),
(280068, 'ruRU', 38690, 4, 'Циана Ночная Глефа', 23420),
(280067, 'ruRU', 38690, 3, 'Сириус Черное Крыло', 23420),
(280066, 'ruRU', 38690, 2, 'Кор''вас', 23420),
(280065, 'ruRU', 38690, 1, 'Аллари Пожирательница Душ', 23420),
(278285, 'ruRU', 38690, 0, 'Освобождено заключенных иллидари', 23420),
(280937, 'ruRU', 39742, 3, 'Мефисто', 23420),
(280823, 'ruRU', 39742, 2, 'Вражеские боссы', 23420),
(280163, 'ruRU', 39742, 1, 'Элитные враги', 23420),
(280162, 'ruRU', 39742, 0, 'Обычные враги', 23420),
(280161, 'ruRU', 39742, -1, 'Отразите атаку Легиона.', 23420),
(279980, 'ruRU', 38729, 0, 'Саргеритовый ключ активирован', 23420),
(281206, 'ruRU', 38728, 2, 'Спуститесь на нижний уровень', 23420),
(279956, 'ruRU', 39663, 0, 'Отправляйтесь на "Молот Скверны"', 23420),
(280467, 'ruRU', 39515, 4, 'Маннетрель обучен', 23420),
(280466, 'ruRU', 39515, 3, 'Кор''вас обучена', 23420),
(280465, 'ruRU', 39515, 2, 'Кайн обучен', 23420),
(280464, 'ruRU', 39515, 1, 'Циана обучена', 23420),
(280463, 'ruRU', 39515, 0, 'Аллари обучена', 23420),
(280435, 'ruRU', 40051, 0, 'Выберите между "Истреблением" и "Местью"', 23420),
(281966, 'ruRU', 40222, 1, 'Сгусток у входа в пещеру', 23420),
(281103, 'ruRU', 38819, 10, 'Стабилизатор шпиля страдания уничтожен', 23420),
(280502, 'ruRU', 38819, 9, 'Мо''арг', 23420),
(280501, 'ruRU', 38819, 8, 'Отрицательные монстры', 23420),
(280500, 'ruRU', 38819, 7, 'Обычные монстры', 23420),
(280006, 'ruRU', 38819, 6, 'Первый стабилизатор крепости уничтожен', 23420),
(280005, 'ruRU', 38819, 5, 'Стабилизатор Проклятой крепости', 23420),
(279993, 'ruRU', 38819, 3, 'Раненый охотник на демонов', 23420),
(278683, 'ruRU', 38819, 2, 'Названные боссы', 23420),
(278682, 'ruRU', 38819, 1, 'Первый пожинатель душ уничтожен', 23420),
(278681, 'ruRU', 38819, 0, 'Пожинатель душ уничтожен', 23420),
(278680, 'ruRU', 38819, -1, 'Прогресс в уничтожении демонов', 23420),
(279857, 'ruRU', 38727, 1, 'Уничтожитель у реактора душ', 23420),
(278669, 'ruRU', 38727, 0, 'Знамя уничтожителя из реактора душ', 23420),
(279864, 'ruRU', 38727, 5, 'Уничтожитель у Кузни Порчи', 23420),
(279863, 'ruRU', 38727, 4, 'Знамя уничтожителя из Кузни Порчи', 23420),
(279862, 'ruRU', 38727, 3, 'Уничтожитель в Проклятой крепости', 23420),
(279861, 'ruRU', 38727, 2, 'Знамя уничтожителя из Проклятой крепости', 23420),
(285555, 'ruRU', 43618, 0, 'Гурбог Крушака убит.', 23420),
(279765, 'ruRU', 39495, 0, 'Кхаза убит, сила взята', 23420),
(280354, 'ruRU', 39495, 1, 'Оползень', 23420),
(279764, 'ruRU', 39262, 1, 'Встаньте лицом к пещере и примените "Призрачное зрение"', 23420),
(279763, 'ruRU', 39262, 0, 'Поговорите с Джейсом Темным Ткачом', 23420),
(278955, 'ruRU', 38813, 2, 'Верховная мать Злоба проинструктирована', 23420),
(278473, 'ruRU', 38813, 1, 'Леди С''тэно проинструктирована', 23420),
(278472, 'ruRU', 38813, 0, 'Военачальник Гаардун проиструктирован', 23420),
(278458, 'ruRU', 38766, 0, 'Белиаш убит, сила взята', 23420),
(280115, 'ruRU', 38765, 3, 'Первый призванный страж', 23420),
(278937, 'ruRU', 38765, 2, 'Силы шиварр', 23420),
(280772, 'ruRU', 38765, 0, 'Жертва принесена', 23420),
(278948, 'ruRU', 39050, 0, 'Ритуал завершен', 23420),
(286143, 'ruRU', 38672, 5, 'Конец Алтруиса', 23420),
(280526, 'ruRU', 38672, 2, 'Конец Кайна', 23420),
(278275, 'ruRU', 38672, 1, 'Кайн освобожден', 23420),
(278274, 'ruRU', 38672, 0, 'Алтруис освобожден', 23420),
(272640, 'ruRU', 34398, 0, 'Поговорите с Верховным магом Кадгаром', 23420),
(272948, 'ruRU', 34582, 0, 'Сопроводить пророка Велена к руинам Зашедшей Луны', 23420),
(280773, 'ruRU', 40379, 2, 'Первый призванный страж', 23420),
(280771, 'ruRU', 40379, 1, 'Силы клана Змеиных Колец', 23420),
(280770, 'ruRU', 40379, 0, 'Душа принесена в жертву', 23420),
(279707, 'ruRU', 39049, 2, 'Инквизитор Зловеш убит, сила взята', 23420),
(278413, 'ruRU', 38759, 1, 'Маннетрель Темная Звезда освобожден', 23420),
(278929, 'ruRU', 38759, 2, 'Изаль Белая Луна освобождена', 23420),
(280293, 'ruRU', 38759, 4, 'Циана Ночная Глефа освобождена', 23420),
(278928, 'ruRU', 38759, 0, 'Белат Клинок Рассвета освобожден', 23420),
(284176, 'ruRU', 42275, 1, 'Пространственных якорей разрушено', 23420),
(284175, 'ruRU', 42275, 0, 'Убито эредаров у реактора душ: Апокалипсис', 23420),
(280769, 'ruRU', 40378, 1, 'Первый призванный страж', 23420),
(281030, 'ruRU', 40378, 2, 'Найдите Аллари на юго-востоке', 23420),
(281156, 'ruRU', 40378, 3, 'Примите дар Иллидана', 23420),
(281158, 'ruRU', 40378, 4, 'Найдите скрытую цель саблезуба Скверны', 23420),
(280768, 'ruRU', 40378, 0, 'Силы Пеплоустов', 23420),
(279929, 'ruRU', 39279, 8, 'Первый портал Легиона уничтожен', 23420),
(279741, 'ruRU', 39279, 5, 'Портал Легиона', 23420),
(279930, 'ruRU', 39279, 9, 'Первый распространитель Скверны уничтожен', 23420),
(279928, 'ruRU', 39279, 7, 'Распространитель Скверны уничтожен', 23420),
(279937, 'ruRU', 39279, 10, 'Переговорное устройство Легиона #3', 23420),
(279936, 'ruRU', 39279, 2, 'Переговорное устройство Легиона #2', 23420),
(279935, 'ruRU', 39279, 1, 'Переговорное устройство Легиона #1', 23420),
(279757, 'ruRU', 39279, 6, 'Мо''арг-громила', 23420),
(279289, 'ruRU', 39279, 0, 'Обычные монстры', 23420),
(279292, 'ruRU', 39279, 3, 'Отрицательные монстры', 23420),
(279288, 'ruRU', 39279, -1, 'Нападите на силы Легиона в низине.', 23420),
(285547, 'ruRU', 43610, 0, 'Повелитель инферналов убит.', 23420),
(283032, 'ruRU', 41896, -1, 'Очистите Древний берег от захватчиков-наг и враждебных игроков', 23420),
(280292, 'ruRU', 40077, 1, 'Замените знамя Легиона', 23420),
(280276, 'ruRU', 40077, 0, 'Убито демонов', 23420);

DELETE FROM `gossip_menu_option_locale` WHERE (`MenuID`=18424 AND `Locale`='ruRU') OR (`MenuID`=19012 AND `Locale`='ruRU') OR (`MenuID`=18426 AND `Locale`='ruRU') OR (`MenuID`=18776 AND `Locale`='ruRU') OR (`MenuID`=18435 AND `Locale`='ruRU') OR (`MenuID`=18823 AND `Locale`='ruRU') OR (`MenuID`=18435 AND `Locale`='ruRU') OR (`MenuID`=18935 AND `Locale`='ruRU') OR (`MenuID`=18936 AND `Locale`='ruRU') OR (`MenuID`=18937 AND `Locale`='ruRU') OR (`MenuID`=19175 AND `Locale`='ruRU') OR (`MenuID`=17260 AND `Locale`='ruRU') OR (`MenuID`=18434 AND `Locale`='ruRU') OR (`MenuID`=18447 AND `Locale`='ruRU') OR (`MenuID`=18994 AND `Locale`='ruRU') OR (`MenuID`=18720 AND `Locale`='ruRU') OR (`MenuID`=19133 AND `Locale`='ruRU') OR (`MenuID`=19133 AND `Locale`='ruRU') OR (`MenuID`=19016 AND `Locale`='ruRU') OR (`MenuID`=19016 AND `Locale`='ruRU') OR (`MenuID`=18438 AND `Locale`='ruRU') OR (`MenuID`=18438 AND `Locale`='ruRU') OR (`MenuID`=19015 AND `Locale`='ruRU') OR (`MenuID`=18864 AND `Locale`='ruRU') OR (`MenuID`=18993 AND `Locale`='ruRU');
INSERT INTO `gossip_menu_option_locale` (`MenuID`, `OptionID`, `Locale`, `OptionText`, `BoxText`) VALUES
(18424, 0, 'ruRU', 'Почему ты не в ладах с Алтруисом?', 0),
(19012, 0, 'ruRU', 'Сделать выбор между Кайном и Алтруисом', 0),
(18426, 0, 'ruRU', 'Почему тебе не нравится Кайн?', 0),
(18776, 0, 'ruRU', 'Изаль, я возьму одного из твоих сквернотопырей. Мы наконец отправляемся за тем, за чем сюда пришли.', 0),
(18435, 0, 'ruRU', 'Кайн, расскажи мне, что ты знаешь о Мардуме.', 0),
(18823, 1, 'ruRU', 'Маннетрель, готовься. Я собираюсь наделить тебя тайными силами Легиона.', 0),
(18435, 2, 'ruRU', 'Кайн, я открою тебе секреты демонов, которые стали мне известны.', 0),
(18935, 1, 'ruRU', 'Аллари, слушай внимательно, что я узнал.', 0),
(18936, 1, 'ruRU', 'Слушай внимательно, Циана. Вот что я узнал из фолианта тайн Скверны.', 0),
(18937, 1, 'ruRU', 'Ты готова постичь тайны Легиона, Кор''вас?', 0),
(19175, 0, 'ruRU', 'Хорошо, Джейс, я осмотрю пещеру с помощью "Призрачного зрения".', 0),
(17260, 0, 'ruRU', 'Военачальник, ваши войска будут атаковать Проклятую крепость с юго-востока. Так вы отвлечете на себя основную массу демонов.', 0),
(18434, 0, 'ruRU', 'Верховная мать, я хочу, чтобы твои шиварры атаковали Кузню Порчи на другой стороне пропасти. Несите боль и страдания!', 0),
(18447, 0, 'ruRU', 'Миледи, вы с нагами отправитесь на север. Вы должны прервать ритуал, который выполняют демоны у реактора душ.', 0),
(18994, 0, 'ruRU', 'Что-то еще?', 0),
(18720, 0, 'ruRU', 'Спасибо, Песня Ночи. Мне как раз нужно кое-что починить.', 0),
(19133, 1, 'ruRU', 'Погоди немного, Севис. Мне нужно все взвесить.', 0),
(19133, 0, 'ruRU', 'Я решил, Севис. Мне нужно, чтобы ты принес себя в жертву и активировал врата.', 0),
(19016, 1, 'ruRU', 'Я хочу, чтобы ты принес меня в жертву и активировал врата.', 0),
(19016, 0, 'ruRU', 'Севис, мне нужно, чтобы ты принес себя в жертву и активировал последние врата.', 0),
(18438, 1, 'ruRU', 'Что ты думаешь о шиваррских демонессах?', 0),
(18438, 0, 'ruRU', 'Джейс, что такое это "горнило Пустоты"?', 0),
(19015, 0, 'ruRU', 'Спасибо тебе за твое самопожертвование, мистик.', 0),
(18864, 0, 'ruRU', 'Кайн, расскажи мне, что ты знаешь о Мардуме.', 0),
(18993, 0, 'ruRU', 'Что-то еще?', 0);
